Model,RMSE,MAPE
Random Forest,5.650193581884804,0.999963919530534
Prophet,6.621910605411476,1.2842931349334568
XGBoost,6.7388824108570615,1.0861324182972674
LightGBM,6.651677624171657,1.0201284896385985
